<?xml version="1.0" encoding="UTF-8"?>
<!DOCTYPE mapper PUBLIC "-//mybatis.org//DTD Mapper 3.0//EN" "http://mybatis.org/dtd/mybatis-3-mapper.dtd">
<mapper namespace="com.seventeam.dao.TRoleMapper">
    <resultMap id="BaseResultMap" type="com.seventeam.entity.TRole">
        <id column="role_id" jdbcType="INTEGER" property="roleId"/>
        <result column="rolename" jdbcType="VARCHAR" property="roleName"/>
        <result column="role_key" jdbcType="VARCHAR" property="roleKey"/>
        <result column="role_sort" jdbcType="INTEGER" property="roleSort"/>
        <result column="status" jdbcType="VARCHAR" property="status"/>
        <result column="del_flag" jdbcType="VARCHAR" property="delFlag"/>
        <result column="remark" jdbcType="VARCHAR" property="remark"/>
    </resultMap>
    <sql id="Base_Column_List">
    role_id, rolename, role_key, role_sort, status, del_flag, remark
  </sql>
    <select id="selectByPrimaryKey" parameterType="java.lang.Integer" resultMap="BaseResultMap">
        select
        <include refid="Base_Column_List"/>
        from tbl_role
        where role_id = #{roleId,jdbcType=INTEGER}
    </select>
    <delete id="deleteByPrimaryKey" parameterType="java.lang.Integer">
    delete from tbl_role
    where role_id = #{roleId,jdbcType=INTEGER}
  </delete>
    <insert id="insert" parameterType="com.seventeam.entity.TRole">
    insert into tbl_role (role_id, rolename, role_key, 
      role_sort, status, del_flag, 
      remark)
    values (#{roleId,jdbcType=INTEGER}, #{roleName,jdbcType=VARCHAR}, #{roleKey,jdbcType=VARCHAR},
      #{roleSort,jdbcType=INTEGER}, #{status,jdbcType=CHAR}, #{delFlag,jdbcType=CHAR}, 
      #{remark,jdbcType=VARCHAR})
  </insert>

    <insert id="insertSelective" parameterType="com.seventeam.entity.TRole">
        insert into tbl_role
        <trim prefix="(" suffix=")" suffixOverrides=",">
            <if test="roleId != null">
                role_id,
            </if>
            <if test="roleName != null">
                rolename,
            </if>
            <if test="roleKey != null">
                role_key,
            </if>
            <if test="roleSort != null">
                role_sort,
            </if>
            <if test="status != null">
                status,
            </if>
            <if test="delFlag != null">
                del_flag,
            </if>
            <if test="remark != null">
                remark,
            </if>
        </trim>
        <trim prefix="values (" suffix=")" suffixOverrides=",">
            <if test="roleId != null">
                #{roleId,jdbcType=INTEGER},
            </if>
            <if test="roleName != null">
                #{roleName,jdbcType=VARCHAR},
            </if>
            <if test="roleKey != null">
                #{roleKey,jdbcType=VARCHAR},
            </if>
            <if test="roleSort != null">
                #{roleSort,jdbcType=INTEGER},
            </if>
            <if test="status != null">
                #{status,jdbcType=CHAR},
            </if>
            <if test="delFlag != null">
                #{delFlag,jdbcType=CHAR},
            </if>
            <if test="remark != null">
                #{remark,jdbcType=VARCHAR},
            </if>
        </trim>
    </insert>

    <update id="updateByPrimaryKeySelective" parameterType="com.seventeam.entity.TRole">
        update tbl_role
        <set>
            <if test="roleName != null">
                rolename = #{roleName,jdbcType=VARCHAR},
            </if>
            <if test="roleKey != null">
                role_key = #{roleKey,jdbcType=VARCHAR},
            </if>
            <if test="roleSort != null">
                role_sort = #{roleSort,jdbcType=INTEGER},
            </if>
            <if test="status != null">
                status = #{status,jdbcType=CHAR},
            </if>
            <if test="delFlag != null">
                del_flag = #{delFlag,jdbcType=CHAR},
            </if>
            <if test="remark != null">
                remark = #{remark,jdbcType=VARCHAR},
            </if>
        </set>
        where role_id = #{roleId,jdbcType=INTEGER}
    </update>
    <update id="updateByPrimaryKey" parameterType="com.seventeam.entity.TRole">
    update tbl_role
    set rolename = #{roleName,jdbcType=VARCHAR},
      role_key = #{roleKey,jdbcType=VARCHAR},
      role_sort = #{roleSort,jdbcType=INTEGER},
    status = #{status,jdbcType=CHAR},
    del_flag = #{delFlag,jdbcType=CHAR},
    remark = #{remark,jdbcType=VARCHAR}
    where role_id = #{roleId,jdbcType=INTEGER}
</update>
    <!--梓凯 角色管理-->
    <delete id="delRoleByID" parameterType="java.util.List">
    delete from tbl_role
    where role_id in
    <foreach collection="ids" item="xxx" open="(" close=")" separator=",">
        #{xxx}
    </foreach>
  </delete>
    <!--梓凯 角色管理-->
    <select id="selectAllRole" resultMap="BaseResultMap">
      select * from tbl_role
    </select>
</mapper>