<?xml version="1.0" encoding="UTF-8"?>
<!DOCTYPE mapper PUBLIC "-//mybatis.org//DTD Mapper 3.0//EN" "http://mybatis.org/dtd/mybatis-3-mapper.dtd">
<mapper namespace="com.seventeam.dao.TUser_TRoleMapper">
  <resultMap id="BaseResultMap" type="com.seventeam.entity.TUser_TRoleKey">
    <id column="user_id" jdbcType="INTEGER" property="userId" />
    <id column="role_id" jdbcType="INTEGER" property="roleId" />
  </resultMap>
  <delete id="deleteByPrimaryKey" parameterType="com.seventeam.entity.TUser_TRoleKey">
    delete from tbl_user_role
    where user_id = #{userId,jdbcType=INTEGER}
      and role_id = #{roleId,jdbcType=INTEGER}
  </delete>

  <!---->
  <delete id="deleteByUserId" parameterType="com.seventeam.entity.TUser_TRoleKey">
    delete from tbl_user_role
    where user_id = #{userId,jdbcType=INTEGER}
  </delete>

  <insert id="insert" parameterType="com.seventeam.entity.TUser_TRoleKey">
    insert into tbl_user_role (user_id, role_id)
    values (#{userId,jdbcType=INTEGER}, #{roleId,jdbcType=INTEGER})
  </insert>

  <insert id="insertSelective" parameterType="com.seventeam.entity.TUser_TRoleKey">
    insert into tbl_user_role
    <trim prefix="(" suffix=")" suffixOverrides=",">
      <if test="userId != null">
        user_id,
      </if>
      <if test="roleId != null">
        role_id,
      </if>
    </trim>
    <trim prefix="values (" suffix=")" suffixOverrides=",">
      <if test="userId != null">
        #{userId,jdbcType=INTEGER},
      </if>
      <if test="roleId != null">
        #{roleId,jdbcType=INTEGER},
      </if>
    </trim>
  </insert>
</mapper>